{"initial_reset_timestamp": 1586169841.2293541, "timestamps": [1586169844.444485], "episode_lengths": [187], "episode_rewards": [300.53547378846685], "episode_types": ["t"]}